a3690900-eb56-11e9-920d-d1f58ebb46af,Gag,Ball,09809809809890809,peepeepoopoo@gmail.com
0d164ff0-eb92-11e9-9dd1-d1f58ebb46af,,,,
de0bf43e-ee6f-11e9-9642-b8c452a967b9,,,43,
b452d438-ee70-11e9-8350-b8c452a967b9,,,,
c6361f0a-ee70-11e9-beed-b8c452a967b9,,,,
b3e0ecda-ee71-11e9-925b-b8c452a967b9,Marcelo,Arenas,0798573094,marcarelo@mail.com
00d6309e-ee72-11e9-95a7-b8c452a967b9,Marcelo,Arenas,0694808485,mrcl@mail.com
b8eccd52-ee73-11e9-b716-b8c452a967b9,Mar0,marcelo,09090,maikl.com
0446116e-ee74-11e9-ac2c-b8c452a967b9,034930493049,0909,0909,
a4d59d34-ee74-11e9-a0d0-b8c452a967b9,f,f,f,f
09d84668-ee75-11e9-864c-b8c452a967b9,d,d,,
16e9ccb4-ee75-11e9-9fac-b8c452a967b9,,,0e9r,
49b1251a-ee75-11e9-947e-b8c452a967b9,marcelo,,04955,
d263f7fe-ee77-11e9-89e7-b8c452a967b9,,,,
e700eb7e-ee77-11e9-b5b1-b8c452a967b9,,,4545,
651778de-ee78-11e9-a18a-b8c452a967b9,,,,
6dc9f5ba-ee78-11e9-94ce-b8c452a967b9,,,,
a03010ee-ee78-11e9-9ef0-b8c452a967b9,,,,
c8c688e4-ee78-11e9-a473-b8c452a967b9,,,,
d71ce3e8-ee78-11e9-b31f-b8c452a967b9,,,,
e0155a98-ee78-11e9-ab4b-b8c452a967b9,,,,
e65f2334-ee78-11e9-85ec-b8c452a967b9,,,,
e8f76b94-ee78-11e9-9d67-b8c452a967b9,,,04950495,
f6a4de3a-ee78-11e9-b784-b8c452a967b9,,,,
1c30e39c-ee79-11e9-b219-b8c452a967b9,,,,
a410e84c-ee79-11e9-b010-b8c452a967b9,mar,,,
d753ae76-ee79-11e9-939e-b8c452a967b9,Marcelo,4545,560596,0945f
0c043fa4-ee7a-11e9-aa3c-b8c452a967b9,,,,
11635646-ee7a-11e9-b66b-b8c452a967b9,,,,
1af282d4-ee7a-11e9-84ec-b8c452a967b9,,,,
5d779a4c-ee7a-11e9-ad97-b8c452a967b9,,,4545,marcelo
7009e5ac-ee7a-11e9-a8dd-b8c452a967b9,,,,
751005e4-ee7a-11e9-8303-b8c452a967b9,,,,
7e6583b8-ee7a-11e9-8d48-b8c452a967b9,,,,
09a771f4-ee7b-11e9-9d9e-b8c452a967b9,,,0495045,
d5f9a0de-eea4-11e9-841d-b8c452a967b9,,,,
91ca24c2-f011-11e9-8142-b8c452a967b9,Marcelo,ARenas,07804959,0459450945
f46c9324-f011-11e9-a104-b8c452a967b9,,,,
1412d854-f012-11e9-a6b8-b8c452a967b9,,,,
2a5e510c-f012-11e9-bce0-b8c452a967b9,,,,
95b9eec0-f012-11e9-92b5-b8c452a967b9,,,,
b5c9f190-f012-11e9-86b2-b8c452a967b9,,,,
0e59fc26-f013-11e9-b883-b8c452a967b9,,,,
172df1ae-f013-11e9-a33d-b8c452a967b9,,,,
badf97a6-f022-11e9-afdc-b8c452a967b9,,,,
f1fc3f78-f030-11e9-9d39-b8c452a967b9,,,,
1e572d8a-f031-11e9-addf-b8c452a967b9,,,Marlceo,
974a3442-f0e3-11e9-9e32-b8c452a967b9,,,,
acc5fae6-f0e3-11e9-98fb-b8c452a967b9,,,-059695865986,
d553d702-f0e3-11e9-b35a-b8c452a967b9,,,9898,
e4708300-f0e3-11e9-8a69-b8c452a967b9,,,,
